LI-8250,LI-8250,LI-8250,LI-8250,CHAMBER,CHAMBER,CHAMBER,CHAMBER,CHAMBER,LI-8250,LI-7810,LI-7810,FLUX_LI-7810,FLUX_LI-7810,FLUX_LI-7810,FLUX_LI-7810,FLUX_LI-7810,FLUX_LI-7810,FLUX_LI-7810,FLUX_LI-7810,FLUX_LI-7810,FLUX_LI-7810,FLUX_LI-7810,FLUX_LI-7810
DATE,TIME,DOY,PORT,H,V,LATITUDE,LONGITUDE,TA,PA,CO2_DRY,H2O,FCO2,FCO2_dCdt,FCO2_CV,FCO2_R2,FCO2_SEI,FCO2_SES,FCO2_A,FCO2_Cx,FCO2_C0,FCO2_T0,FCO2_ITER,FCO2_N
[YYYYMMDD],[HHMMSS],[#],[#],[#],[#],[degrees],[degrees],[C],[kPa],[umol+1mol-1],[mmol+1mol-1],[umol+1m-2s-1],[umol+1mol-1s-1],[#],[#],[#],[#],[#],[umol+1mol-1],[umol+1mol-1],[s],[#],[#]
20250108,155705,8.66464,4,1,1,-9999,-9999,22.0862,-9999,673.08,7.26899,-162.685,2.51428,0.804566,0.998019,0,0.0181696,2.51597e-06,1e+06,673.08,-7.65637,10,40
20250108,155827,8.66559,1,1,1,-9999,-9999,22.4543,-9999,1291.9,10.7809,-946.12,14.6926,0.454602,0.999199,0,0.0420186,1.47116e-05,1e+06,1291.9,0.942925,10,100
20250108,160049,8.66723,4,1,1,-9999,-9999,22.1576,-9999,1987.55,5.45154,885.463,-13.663,38.348,0.0777005,0,5.23927,0.0176625,1213.99,1987.55,13.2089,4,40
20250108,160211,8.66818,2,1,1,-9999,-9999,22.2663,-9999,530.759,7.28444,83.086,-1.28491,2.14743,0.633774,0,0.0272162,0.0347587,493.793,530.759,22.6503,5,100
20250108,160433,8.66983,4,1,1,-9999,-9999,22.3011,-9999,491.339,6.71729,4.36882,-0.0675324,9.85294,0.730151,0,0.00664965,0.000137446,0,491.339,-50.7099,10,40
20250108,160555,8.67078,3,1,1,-9999,-9999,22.1533,-9999,479.876,6.68336,3.7054,-0.0572454,2.39894,0.947715,0,0.00135829,0.000119292,0,479.876,7.37739,2,100
20250108,160817,8.67242,4,1,1,-9999,-9999,22.0862,-9999,472.559,6.56544,2.0663,-0.0319121,15.4599,0.520996,0,0.00493229,0.000246451,343.072,472.559,13.6839,9,40
20250108,160939,8.67337,1,1,1,-9999,-9999,22.3841,-9999,461.199,12.413,-8.23123,0.128005,1.72807,0.944067,0,0.00216524,0.00417041,491.893,461.199,-20.5752,5,100
20250108,161201,8.67501,4,1,1,-9999,-9999,22.1057,-9999,472.918,9.59724,18.2475,-0.282702,1.47814,0.0416586,0,0.00405734,0.0484834,467.088,472.918,-44.2673,5,40
20250108,161323,8.67596,2,1,1,-9999,-9999,21.9354,-9999,634.85,18.712,-461.478,7.21162,0.35685,0.999942,0,0.00314005,0.00781253,1557.93,634.85,-5.3699,7,100
20250108,161545,8.6776,4,1,1,-9999,-9999,21.8668,-9999,613.443,12.7444,-0.69038,0.0107211,301.308,0.00288297,0,0.0323035,1.07277e-08,1e+06,613.443,10446.1,2,40
20250108,161707,8.67855,3,1,1,-9999,-9999,22.1122,-9999,505.347,8.01372,4.67102,-0.0722524,1.9201,0.966263,0,0.00136358,0.000142976,0,505.347,-4.85663,10,100
20250108,161929,8.6802,4,1,1,-9999,-9999,22.1945,-9999,495.327,7.19024,3.51375,-0.054321,10.7474,0.695149,0,0.00583494,0.000109667,0,495.327,-2.26246,10,40
20250108,162051,8.68115,1,1,1,-9999,-9999,22.4872,-9999,483.513,13.0514,-5.81473,0.0905173,2.67245,0.925367,0,0.00239779,0.000806997,595.679,483.513,-28.5308,2,100
20250108,162313,8.68279,4,1,1,-9999,-9999,22.2054,-9999,490.519,10.179,1.6124,-0.0250031,17.6669,0.447432,0,0.00441638,5.09728e-05,0,490.519,-260.352,10,40
20250108,162435,8.68374,2,1,1,-9999,-9999,22.0603,-9999,468.921,19.868,-56.1198,0.878425,0.436396,0.998964,0,0.00224082,0.00284609,777.564,468.921,-15.8867,5,100
20250108,162657,8.68538,4,1,1,-9999,-9999,22.056,-9999,502.45,12.8012,81.1949,-1.26179,0.497962,0.854817,0,0.0044206,0.047009,475.608,502.45,-24.6745,4,40
20250108,162819,8.68633,3,1,1,-9999,-9999,22.2228,-9999,475.589,8.06467,3.31914,-0.0513626,2.9105,0.748565,0,0.00148384,0.0120362,471.322,475.589,7.84406,8,100
20250108,163041,8.68797,4,1,1,-9999,-9999,22.1403,-9999,484.373,7.26203,-21.254,0.328545,29.578,0.231532,0,0.0971701,0.00031044,1542.69,484.373,36.5014,8,40
20250108,163203,8.68892,1,1,1,-9999,-9999,22.4916,-9999,478.584,14.7488,-49.1128,0.765863,1.63917,0.147017,0,0.0122585,0.0226695,512.368,478.584,-50,6,100
20250108,163425,8.69057,4,1,1,-9999,-9999,22.3164,-9999,510.108,10.5948,4.578,-0.0710478,7.16967,0.834407,0,0.0050877,0.00013928,0,510.108,-107.866,10,40
20250108,163547,8.69152,2,1,1,-9999,-9999,22.1122,-9999,477.537,19.872,-38.3133,0.599805,0.505303,0.996494,0,0.00216264,0.0057419,581.998,477.537,-19.8647,5,100
20250108,163809,8.69316,4,1,1,-9999,-9999,22.1511,-9999,504.178,12.1529,34.932,-0.542666,0.689886,0.918753,0,0.00321414,0.027886,484.718,504.178,-36.1603,6,40
20250108,163931,8.69411,3,1,1,-9999,-9999,22.097,-9999,484.642,8.0472,2.50727,-0.038781,4.5139,0.834414,0,0.00174515,8.00199e-05,0,484.642,-4.892,10,100
20250108,164153,8.69575,4,1,1,-9999,-9999,22.1251,-9999,479.225,7.23904,2.32667,-0.0359625,10.9242,0.688206,0,0.00392654,7.50429e-05,0,479.225,-5.89014,10,40
20250108,164315,8.6967,1,1,1,-9999,-9999,22.5489,-9999,467.692,13.7125,-8.66729,0.13504,1.18539,0.985027,0,0.00152797,0.000937322,611.762,467.692,-32.1944,3,100
20250108,164537,8.69835,4,1,1,-9999,-9999,22.2467,-9999,478.74,10.4538,44.3799,-0.68848,0.652934,0.54693,0,0.00377908,0.077462,469.852,478.74,-5.89398,3,40
20250108,164659,8.69929,2,1,1,-9999,-9999,22.3099,-9999,458.725,15.4297,-17.3447,0.270491,0.67622,0.995675,0,0.001559,0.00152553,636.034,458.725,-24.6983,3,100
20250108,164921,8.70094,4,1,1,-9999,-9999,22.1772,-9999,476.704,11.223,45.394,-0.704599,0.672711,0.3926,0,0.0040319,0.0556546,464.044,476.704,-26.3532,4,40
20250108,165043,8.70189,3,1,1,-9999,-9999,21.929,-9999,463.663,7.70223,1.14211,-0.01765,7.48208,0.635225,0,0.00131911,0.00025249,393.759,463.663,-25.5247,8,100
20250108,165305,8.70353,4,1,1,-9999,-9999,21.9118,-9999,460.859,7.02461,1.32002,-0.0203838,20.3683,0.38819,0,0.00415121,4.42301e-05,0,460.859,1.72567,1,40
20250108,165427,8.70448,1,1,1,-9999,-9999,22.4587,-9999,450.362,13.4544,-10.8593,0.169097,0.868821,0.988283,0,0.00134208,0.00354514,498.06,450.362,-23.3141,4,100
20250108,165649,8.70612,4,1,1,-9999,-9999,22.1685,-9999,463.548,10.2807,2.31767,-0.0359393,14.0524,0.571491,0,0.00504872,7.75308e-05,0,463.548,-31.3937,2,40
20250108,165811,8.70707,2,1,1,-9999,-9999,22.2162,-9999,450.052,14.9314,-14.9113,0.23235,1.18394,0.98104,0,0.00262522,0.00235152,548.861,450.052,-23.206,3,100
20250108,170033,8.70872,4,1,1,-9999,-9999,22.149,-9999,467.516,10.8807,97.7632,-1.51678,0.430081,0.319235,0,0.00371081,0.143561,456.95,467.516,2.16304,4,40
20250108,170155,8.70966,3,1,1,-9999,-9999,22.162,-9999,457.267,7.52467,0.828049,-0.0128042,10.5249,0.239994,0,0.00134687,0.000259964,408.013,457.267,-50,9,100
20250108,170417,8.71131,4,1,1,-9999,-9999,21.972,-9999,454.674,6.87016,0.393984,-0.00608427,71.6965,0.0486981,0,0.00436216,1.33816e-05,0,454.674,33.5891,2,40
20250108,170539,8.71226,1,1,1,-9999,-9999,22.3754,-9999,444.331,13.2971,-11.1374,0.173351,1.00098,0.982651,0,0.00162338,0.00372373,490.884,444.331,-27.6726,5,100
20250108,170801,8.7139,4,1,1,-9999,-9999,22.0129,-9999,460.027,10.1522,48.6345,-0.753643,0.634492,0.0405918,0,0.00396914,0.106133,452.926,460.027,-8.23573,3,40
20250108,170923,8.71485,2,1,1,-9999,-9999,22.1295,-9999,442.152,14.6375,-12.8114,0.199509,0.777843,0.992975,0,0.00138199,0.00207707,538.205,442.152,-28.822,3,100
20250108,171145,8.71649,4,1,1,-9999,-9999,22.175,-9999,460.374,10.6706,43.6029,-0.676421,0.608102,0.041849,0,0.00334608,0.0771353,451.605,460.374,-26.4686,7,40
20250108,171307,8.71744,3,1,1,-9999,-9999,22.2902,-9999,451.97,7.404,1.11695,-0.0172769,5.97209,0.252061,0,0.00102998,0.0135057,450.691,451.97,-13.2599,7,100
20250108,171529,8.71909,4,1,1,-9999,-9999,22.2488,-9999,450.766,6.77984,0.646752,-0.00999619,51.1582,0.0181301,0,0.00511375,0.0312932,450.447,450.766,19.6429,4,40
20250108,171651,8.72003,1,1,1,-9999,-9999,22.5665,-9999,441.85,13.3855,-7.92238,0.1234,1.40057,0.980816,0,0.00167241,0.000397876,751.998,441.85,-33.9791,2,100
20250108,171913,8.72168,4,1,1,-9999,-9999,22.0862,-9999,456.327,10.1594,-28.3846,0.439961,8.72915,0.775748,0,0.0383733,4.40162e-07,1e+06,456.327,45.8762,2,40
20250108,172035,8.72263,2,1,1,-9999,-9999,22.3099,-9999,477.972,14.5129,-12.9264,0.201404,0.721975,0.991247,0,0.00126771,0.00421094,525.8,477.972,-28.4651,5,100
20250108,172257,8.72427,4,1,1,-9999,-9999,22.3011,-9999,483.571,10.6361,-23.9738,0.372045,15.6316,0.468497,0,0.0581416,0.00393031,578.231,483.571,50,5,40
20250108,172419,8.72522,3,1,1,-9999,-9999,22.428,-9999,485.374,7.45474,0.739548,-0.0114453,85.0283,0.0134077,0,0.00973162,2.35803e-05,0,485.374,736.917,10,100
20250108,172641,8.72686,4,1,1,-9999,-9999,22.0992,-9999,489.481,6.84654,3.6575,-0.0565047,8.01168,0.804226,0,0.00452256,0.000115438,0,489.481,-3.59513,3,40
20250108,172803,8.72781,1,1,1,-9999,-9999,22.417,-9999,476.948,13.4496,-9.24664,0.143964,1.16465,0.981992,0,0.00159757,0.00216521,543.438,476.948,-27.2843,3,100
20250108,173025,8.72946,4,1,1,-9999,-9999,22.2271,-9999,485.143,10.2216,13.689,-0.212296,13.3737,0.598377,0,0.0283819,1.30224e-05,-15817.2,485.143,44.6496,5,40
20250108,173147,8.7304,2,1,1,-9999,-9999,22.0862,-9999,471.815,14.4107,-12.1222,0.188705,0.777372,0.990674,0,0.00130612,0.00366768,523.266,471.815,-26.3222,4,100
20250108,173409,8.73205,4,1,1,-9999,-9999,22.0992,-9999,485.06,10.5642,32.9468,-0.510923,0.75811,0.722867,0,0.00342581,0.0466113,474.098,485.06,-19.9978,4,40
20250108,173531,8.733,3,1,1,-9999,-9999,22.1663,-9999,473.735,7.39457,1.53064,-0.0236654,4.42032,0.840165,0,0.00104273,4.9955e-05,0,473.735,-3.44013,10,100
20250108,173753,8.73464,4,1,1,-9999,-9999,21.9569,-9999,470.391,6.79321,0.999151,-0.0154278,23.3154,0.326242,0,0.00359663,3.27977e-05,0,470.391,-1.04853,2,40
20250108,173915,8.73559,1,1,1,-9999,-9999,22.2663,-9999,459.731,13.3717,-9.95049,0.154832,1.47072,0.969145,0,0.00221032,0.00235198,525.561,459.731,-29.7053,3,100
20250108,174137,8.73723,4,1,1,-9999,-9999,22.1446,-9999,472.4,10.1708,155.792,-2.41531,0.390673,0.466138,0,0.00400697,0.327064,465.015,472.4,15.6504,6,40
20250108,174259,8.73818,2,1,1,-9999,-9999,22.0086,-9999,454.526,14.3071,-9.64217,0.150046,0.84531,0.992085,0,0.00115179,0.00157319,549.903,454.526,-32.8124,3,100
20250108,174521,8.73983,4,1,1,-9999,-9999,22.1316,-9999,469.235,10.4935,33.5459,-0.520217,0.751017,0.218332,0,0.00344642,0.0657585,461.324,469.235,-21.1577,4,40
20250108,174643,8.74078,3,1,1,-9999,-9999,22.1663,-9999,461.716,7.34037,0.173953,-0.00268934,40.909,0.057473,0,0.00110014,5.82465e-06,0,461.716,-154.652,7,100
20250108,174905,8.74242,4,1,1,-9999,-9999,22.2576,-9999,460.753,6.75546,0.76937,-0.0118913,31.3511,0.211223,0,0.00372781,2.58084e-05,0,460.753,43.5019,3,40
20250108,175027,8.74337,1,1,1,-9999,-9999,22.3623,-9999,450.967,13.3279,-8.22391,0.128001,1.08655,0.988316,0,0.0013151,0.000602888,663.279,450.967,-40.5221,3,100
20250108,175249,8.74501,4,1,1,-9999,-9999,22.2162,-9999,465.513,10.1754,0.220373,-0.00341734,118.881,-0.00721571,0,0.00406254,7.34102e-06,0,465.513,-1887.64,10,40
20250108,175411,8.74596,2,1,1,-9999,-9999,22.251,-9999,447.748,14.2733,-11.9345,0.185863,0.810255,0.988031,0,0.0013549,0.00437032,490.277,447.748,-27.5351,5,100
20250108,175633,8.7476,4,1,1,-9999,-9999,22.1295,-9999,465.399,10.4845,71.3596,-1.10657,0.515805,0.0791501,0,0.00415405,0.153665,458.198,465.399,1.60538,3,40
20250108,175755,8.74855,3,1,1,-9999,-9999,21.9784,-9999,458.126,7.33201,0.404109,-0.00624363,16.5983,0.264951,0,0.0010361,0.000618714,448.034,458.126,50,7,100
20250108,180017,8.7502,4,1,1,-9999,-9999,22.1598,-9999,457.873,6.73815,0.133203,-0.00205809,205.6,0.00124357,0,0.00423144,9.40929e-06,239.143,457.873,-50,7,40
20250108,180139,8.75115,1,1,1,-9999,-9999,22.347,-9999,449.269,13.1838,-8.56667,0.133309,0.916659,0.991094,0,0.00112743,0.00126008,555.064,449.269,-28.5123,3,100
20250108,180401,8.75279,4,1,1,-9999,-9999,22.0301,-9999,464.401,10.1133,0.287373,-0.00445336,103.661,-0.0109087,0,0.00461638,9.58949e-06,0,464.401,-1663.92,10,40
20250108,180523,8.75374,2,1,1,-9999,-9999,22.0776,-9999,446.5,14.207,-8.55025,0.133071,0.868018,0.991396,0,0.00105472,0.00155956,531.826,446.5,-40.1416,3,100
20250108,180745,8.75538,4,1,1,-9999,-9999,22.0668,-9999,464.148,10.4247,-0.360738,0.00559264,64.1024,0.0601896,0,0.00358496,5.59524e-09,1e+06,464.148,1281.62,5,40
20250108,180907,8.75633,3,1,1,-9999,-9999,22.2206,-9999,457.503,7.30247,-0.0382701,0.00059176,145.843,0.00477448,0,0.000863038,5.92031e-10,1e+06,457.503,150.167,2,100
20250108,181129,8.75797,4,1,1,-9999,-9999,22.2206,-9999,457.538,6.71934,0.354751,-0.00548213,56.4721,0.031879,0,0.00309582,0.0190028,457.249,457.538,7.01636,3,40
20250108,181251,8.75892,1,1,1,-9999,-9999,22.288,-9999,448.653,13.043,-8.51956,0.132531,0.917776,0.99101,0,0.00112242,0.00125889,553.929,448.653,-31.2504,3,100
20250108,181513,8.76057,4,1,1,-9999,-9999,21.9076,-9999,463.895,10.0709,-0.55916,0.00866101,42.8653,0.125285,0,0.00371244,8.66503e-09,1e+06,463.895,823.196,10,40
20250108,181635,8.76152,2,1,1,-9999,-9999,22.0517,-9999,447.002,14.1535,-10.9336,0.17014,0.838556,0.986649,0,0.00129342,0.00472965,482.975,447.002,-23.1496,5,100
20250108,181857,8.76316,4,1,1,-9999,-9999,22.0884,-9999,463.386,10.3959,-0.481746,0.00746903,47.0573,0.106222,0,0.00351462,7.47249e-09,1e+06,463.386,799.701,8,40
20250108,182019,8.76411,3,1,1,-9999,-9999,22.0646,-9999,457.91,7.26824,-0.0288378,0.000445659,232.135,0.00189004,0,0.00103453,4.45863e-10,1e+06,457.91,-473.693,3,100
20250108,182241,8.76575,4,1,1,-9999,-9999,22.0517,-9999,458.523,6.68958,-0.425157,0.00656627,54.5175,0.0813423,0,0.00357969,6.56928e-09,1e+06,458.523,57.9686,4,40
20250108,182403,8.7667,1,1,1,-9999,-9999,22.3339,-9999,449.345,12.985,-8.96815,0.139523,0.988952,0.987687,0,0.00128861,0.00192466,521.838,449.345,-34.1136,3,100
20250108,182625,8.76834,4,1,1,-9999,-9999,22.0754,-9999,465.188,10.0311,355.615,-5.51136,0.358794,0.12386,0,0.00330014,0.76819,458.014,465.188,18.1022,5,40
20250108,182747,8.76929,2,1,1,-9999,-9999,22.0841,-9999,447.712,14.1146,-8.42746,0.131153,0.962844,0.987424,0,0.00117441,0.00226998,505.489,447.712,-37.0992,3,100
20250108,183009,8.77094,4,1,1,-9999,-9999,22.2706,-9999,463.829,10.3925,34.9465,-0.542145,0.953736,0.174257,0,0.0048022,0.0799766,457.05,463.829,-9.58394,3,40
20250108,183131,8.77189,3,1,1,-9999,-9999,22.1685,-9999,457.333,7.27227,0.00276539,-4.27524e-05,2799.12,1.30007e-05,0,0.00119669,9.3482e-08,0,457.333,-4884.67,2,100
20250108,183353,8.77353,4,1,1,-9999,-9999,22.1858,-9999,457.083,6.69392,-0.00401155,6.19827e-05,7135.49,5.1685e-06,0,0.00442277,6.20111e-11,1e+06,457.083,-2416.8,6,40
20250108,183515,8.77448,1,1,1,-9999,-9999,22.2597,-9999,449.466,12.865,-9.31576,0.144877,0.992576,0.986111,0,0.00134364,0.00279331,501.332,449.466,-22.5868,4,100
20250108,183737,8.77612,4,1,1,-9999,-9999,21.8925,-9999,463.524,9.9714,-1.02859,0.0159299,24.6856,0.301644,0,0.00393199,1.59373e-08,1e+06,463.524,452.102,10,40
20250108,183859,8.77707,2,1,1,-9999,-9999,22.0517,-9999,447.312,14.0843,-8.76392,0.13637,1.02099,0.983079,0,0.001306,0.00321021,489.792,447.312,-31.9838,4,100
20250108,184121,8.77872,4,1,1,-9999,-9999,22.0236,-9999,464.522,10.3706,362.495,-5.61861,0.362709,0.0883458,0,0.00447725,0.889702,458.207,464.522,18.3408,6,40
20250108,184243,8.77966,3,1,1,-9999,-9999,22.0086,-9999,458.523,7.25696,-0.774195,0.0119618,8.79423,0.478964,0,0.0010511,0.00379662,461.673,458.523,19.708,4,100
20250108,184505,8.78131,4,1,1,-9999,-9999,22.0086,-9999,459.913,6.68721,-0.461541,0.00712694,72.295,0.0564721,0,0.00515236,0.00923774,460.685,459.913,48.3026,3,40
20250108,184627,8.78226,1,1,1,-9999,-9999,22.251,-9999,452.021,12.6933,-9.77297,0.151956,0.899938,0.987818,0,0.00125749,0.00336056,497.239,452.021,-21.2069,3,100
20250108,184849,8.7839,4,1,1,-9999,-9999,21.987,-9999,466.066,9.95303,-0.281927,0.00436753,99.2911,0.0259992,0,0.00433654,4.36957e-09,1e+06,466.066,1485.56,9,40
20250108,185011,8.78485,2,1,1,-9999,-9999,21.9677,-9999,450.825,14.0387,-7.35437,0.114398,1.17709,0.981445,0,0.00128423,0.00205196,506.576,450.825,-34.0885,3,100
20250108,185233,8.78649,4,1,1,-9999,-9999,22.1035,-9999,466.426,10.3742,-0.0940276,0.00145785,263.13,0.00378641,0,0.00383604,1.45853e-09,1e+06,466.426,4646.08,4,40
20250108,185355,8.78744,3,1,1,-9999,-9999,22.123,-9999,459.896,7.27561,-0.263787,0.00407736,23.1409,0.0126749,0,0.00094343,0.0103878,460.289,459.896,-47.2411,3,100
20250108,185617,8.78909,4,1,1,-9999,-9999,22.0711,-9999,460.231,6.70669,-0.050931,0.000786646,485.463,0.00111537,0,0.00381888,7.87009e-10,1e+06,460.231,178.33,7,40
20250108,185739,8.79003,1,1,1,-9999,-9999,22.2793,-9999,452.044,12.7046,-10.0485,0.156257,0.871728,0.988231,0,0.00124502,0.00360099,495.437,452.044,-21.4497,4,100
20250108,190001,8.79168,4,1,1,-9999,-9999,21.9247,-9999,466.491,9.95236,157.487,-2.43921,0.403657,0.0463404,0,0.00473396,0.339367,459.304,466.491,12.1899,4,40
20250108,190123,8.79263,2,1,1,-9999,-9999,21.9892,-9999,449.009,14.0135,-7.55875,0.117581,1.0602,0.984381,0,0.00117506,0.00214608,503.797,449.009,-42.9343,3,100
20250108,190345,8.79427,4,1,1,-9999,-9999,22.0733,-9999,465.038,10.3728,-0.241705,0.00374706,105.374,0.0231516,0,0.00394841,3.7488e-09,1e+06,465.038,1605.16,2,40
20250108,190507,8.79522,3,1,1,-9999,-9999,21.8883,-9999,459.261,7.27371,0.144503,-0.00223182,44.6456,0.0487068,0,0.000996377,4.85959e-06,0,459.261,56.8572,2,100
20250108,190729,8.79686,4,1,1,-9999,-9999,21.9763,-9999,458.999,6.70885,0.582528,-0.00899445,30.8409,0.216738,0,0.00277379,1.95958e-05,0,458.999,41.7565,1,40
20250108,190851,8.79781,1,1,1,-9999,-9999,22.2271,-9999,450.699,12.6828,-6.98937,0.108666,0.946321,0.992506,0,0.000953807,1.08715e-07,1e+06,450.699,-40.6923,10,100
20250108,191113,8.79946,4,1,1,-9999,-9999,22.0668,-9999,465.093,9.95395,0.716036,-0.0110956,35.231,0.148683,0,0.00390891,2.38568e-05,0,465.093,-598.237,10,40
20250108,191235,8.80041,2,1,1,-9999,-9999,22.0776,-9999,447.481,14.0038,-8.87286,0.138064,1.19804,0.971628,0,0.00158025,0.00402586,481.775,447.481,-33.6106,4,100
20250108,191457,8.80205,4,1,1,-9999,-9999,21.9935,-9999,463.713,10.3609,51.752,-0.802066,0.608325,0.00231158,0,0.00396865,0.114661,456.718,463.713,-19.1813,3,40
20250108,191619,8.803,3,1,1,-9999,-9999,22.043,-9999,456.724,7.26407,0.172328,-0.00266289,49.6781,0.0501568,0,0.00132284,5.82678e-05,411.023,456.724,50,5,100
20250108,191841,8.80464,4,1,1,-9999,-9999,22.0646,-9999,456.738,6.70192,-0.187469,0.00289549,109.476,0.0214856,0,0.00316987,2.89682e-09,1e+06,456.738,135.877,6,40
20250108,192003,8.80559,1,1,1,-9999,-9999,22.2488,-9999,448.698,12.4397,-6.9026,0.107298,1.20316,0.987205,0,0.00123394,1.07346e-07,1e+06,448.698,-38.1587,10,100
20250108,192225,8.80723,4,1,1,-9999,-9999,22.0538,-9999,463.612,9.89611,0.290914,-0.00450754,92.3988,0.00787858,0,0.00416488,9.72266e-06,0,463.612,-1393.01,10,40
20250108,192347,8.80818,2,1,1,-9999,-9999,22.1446,-9999,446.909,13.9404,-8.62076,0.134164,1.18484,0.970985,0,0.00151711,0.00436587,477.639,446.909,-32.8713,3,100
20250108,192609,8.80983,4,1,1,-9999,-9999,22.0409,-9999,463.452,10.3411,130.052,-2.01587,0.40957,0.00328984,0,0.00415853,0.304094,456.823,463.452,6.77935,6,40
20250108,192731,8.81078,3,1,1,-9999,-9999,22.1967,-9999,457.341,7.25532,-1.04298,0.0161252,5.68329,0.566349,0,0.000914665,0.00712933,459.603,457.341,3.3687,2,100
20250108,192953,8.81242,4,1,1,-9999,-9999,22.1187,-9999,458.483,6.69191,-0.119311,0.00184308,196.741,0.00675284,0,0.00362608,1.84392e-09,1e+06,458.483,-211.137,4,40
20250108,193115,8.81337,1,1,1,-9999,-9999,22.3011,-9999,451.426,12.3862,-9.87852,0.153576,0.875642,0.987483,0,0.00123026,0.00398557,489.959,451.426,-18.7539,5,100
20250108,193337,8.81501,4,1,1,-9999,-9999,22.0927,-9999,466.086,9.88161,-0.601639,0.0093229,38.9179,0.148038,0,0.00362812,9.32724e-09,1e+06,466.086,724.921,6,40
20250108,193459,8.81596,2,1,1,-9999,-9999,21.9634,-9999,449.786,13.9032,-6.22699,0.0968479,1.38647,0.977345,0,0.00129826,0.00105678,541.43,449.786,-50,4,100
20250108,193721,8.8176,4,1,1,-9999,-9999,22.1057,-9999,467.089,10.3284,0.306154,-0.00474666,85.0468,0.0128806,0,0.00403685,1.01622e-05,0,467.089,-1311.21,10,40
20250108,193843,8.81855,3,1,1,-9999,-9999,22.0301,-9999,460.783,7.2338,0.311602,-0.00481482,20.3977,0.114856,0,0.000981963,0.00555093,459.915,460.783,-0.284883,4,100
20250108,194105,8.8202,4,1,1,-9999,-9999,22.1316,-9999,460.266,6.67117,-0.116045,0.00179267,202.17,0.00639728,0,0.00362425,1.7935e-09,1e+06,460.266,194.412,4,40
20250108,194227,8.82115,1,1,1,-9999,-9999,22.2684,-9999,452.643,12.2867,-6.8572,0.106582,1.14123,0.988594,0,0.00115649,1.06631e-07,1e+06,452.643,-32.5253,10,100
20250108,194449,8.82279,4,1,1,-9999,-9999,21.8711,-9999,465.705,9.77515,0.0315839,-0.000489014,838.098,-0.0306621,0,0.00409842,1.05005e-06,0,465.705,-14035.1,5,40
20250108,194611,8.82374,2,1,1,-9999,-9999,21.7878,-9999,449.761,13.8499,-7.80753,0.121347,1.15964,0.973034,0,0.00133994,0.00424941,478.317,449.761,-29.8983,6,100
20250108,194833,8.82538,4,1,1,-9999,-9999,21.9548,-9999,463.866,10.1073,102.085,-1.58158,0.420392,0.270757,0,0.00358863,0.257541,457.725,463.866,12.5887,5,40
20250108,194955,8.82633,3,1,1,-9999,-9999,21.9269,-9999,457.466,7.19435,0.0896688,-0.00138499,63.6737,0.0245469,0,0.000881863,3.02754e-06,0,457.466,434.146,4,100
20250108,195217,8.82797,4,1,1,-9999,-9999,21.869,-9999,457.697,6.64292,-0.612527,0.00945378,45.0626,0.114732,0,0.00425998,9.4581e-09,1e+06,457.697,13.6128,10,40
20250108,195339,8.82892,1,1,1,-9999,-9999,22.2184,-9999,450.231,12.3582,-9.29265,0.144424,0.874024,0.989156,0,0.00115434,0.00300788,498.246,450.231,-23.8052,4,100
20250108,195601,8.83057,4,1,1,-9999,-9999,21.8754,-9999,464.468,9.62255,-0.814008,0.0126016,30.7434,0.217811,0,0.00387392,1.26075e-08,1e+06,464.468,473.077,7,40
20250108,195723,8.83152,2,1,1,-9999,-9999,21.9806,-9999,449.841,13.9017,-6.10148,0.0948994,1.2504,0.980734,0,0.00113807,0.00145839,514.912,449.841,-43.8412,3,100
20250108,195945,8.83316,4,1,1,-9999,-9999,21.9226,-9999,464.796,10.0846,-0.743914,0.0115236,38.8727,0.148332,0,0.00447936,1.1529e-08,1e+06,464.796,493.461,7,40
20250108,200107,8.83411,3,1,1,-9999,-9999,21.9333,-9999,459.867,7.1909,0.269706,-0.00416583,22.5746,0.16686,0,0.000940302,9.05876e-06,0,459.867,88.3823,3,100
20250108,200329,8.83575,4,1,1,-9999,-9999,21.9892,-9999,459.624,6.64779,0.210434,-0.00324917,105.045,0.0232946,0,0.00341306,7.06918e-06,0,459.624,9.86781,1,40
20250108,200451,8.8367,1,1,1,-9999,-9999,22.2445,-9999,452.658,12.3266,-7.93057,0.123262,1.14336,0.984714,0,0.00134021,0.00157754,530.794,452.658,-22.8346,3,100
20250108,200713,8.83834,4,1,1,-9999,-9999,22.097,-9999,464.344,9.62571,0.206625,-0.00320112,145.995,0.00145798,0,0.00467348,6.89385e-06,0,464.344,-1736.36,2,40
20250108,200835,8.83929,2,1,1,-9999,-9999,22.0323,-9999,448.62,13.8641,-8.92338,0.138806,0.965638,0.975754,0,0.00124708,0.00572768,472.854,448.62,-31.325,5,100
20250108,201057,8.84094,4,1,1,-9999,-9999,21.9419,-9999,463.711,10.0805,0.300886,-0.00466102,90.0366,0.0189445,0,0.00419659,1.00516e-05,0,463.711,-1170.91,10,40
20250108,201219,8.84189,3,1,1,-9999,-9999,21.929,-9999,457.87,7.19848,-0.101486,0.00156753,61.4606,0.00187764,0,0.000963398,0.0054632,458.157,457.87,-34.716,2,100
20250108,201441,8.84353,4,1,1,-9999,-9999,21.9526,-9999,457.667,6.65439,-0.461033,0.00711784,46.3425,0.0455216,0,0.00329849,0.00723796,458.651,457.667,-24.3554,3,40
20250108,201603,8.84448,1,1,1,-9999,-9999,22.1837,-9999,450.376,12.2352,-8.07323,0.125441,1.14306,0.983906,0,0.00136348,0.00170614,523.899,450.376,-31.4328,3,100
20250108,201825,8.84612,4,1,1,-9999,-9999,21.9698,-9999,464.172,9.6006,136.585,-2.1151,0.401068,0.0057859,0,0.00399249,0.378844,458.589,464.172,9.47017,4,40
20250108,201947,8.84707,2,1,1,-9999,-9999,21.9956,-9999,448.859,13.7888,-6.97233,0.108436,1.19509,0.97481,0,0.00123776,0.00315748,483.202,448.859,-42.4011,4,100
20250108,202209,8.84871,4,1,1,-9999,-9999,22.0927,-9999,464.212,10.0688,-0.228631,0.00354358,109.122,0.0216223,0,0.00386681,3.54523e-09,1e+06,464.212,1496.58,9,40
20250108,202331,8.84966,3,1,1,-9999,-9999,22.1403,-9999,459.041,7.18845,0.0177631,-0.000274562,315.819,0.00102195,0,0.000867119,5.98121e-07,0,459.041,248.233,3,100
20250108,202553,8.85131,4,1,1,-9999,-9999,22.0495,-9999,459.005,6.64296,0.172295,-0.00266083,156.489,0.0106313,0,0.0041639,5.79696e-06,0,459.005,104.629,4,40
20250108,202715,8.85226,1,1,1,-9999,-9999,22.2793,-9999,453.572,12.1779,-8.19707,0.127399,1.02489,0.987056,0,0.00122552,0.0022745,509.584,453.572,-11.8172,3,100
20250108,202937,8.8539,4,1,1,-9999,-9999,22.056,-9999,464.509,9.58192,81.1357,-1.25676,0.4415,0.295399,0,0.00331941,0.213117,458.612,464.509,10.7066,4,40
20250108,203059,8.85485,2,1,1,-9999,-9999,21.9784,-9999,448.414,13.7304,-7.86009,0.122228,1.14045,0.972479,0,0.00132511,0.00426342,477.083,448.414,-36.9731,4,100
20250108,203321,8.85649,4,1,1,-9999,-9999,21.9483,-9999,463.463,10.0349,142.124,-2.20166,0.393581,0.0206954,0,0.00379132,0.386594,457.768,463.463,12.3608,5,40
20250108,203443,8.85744,3,1,1,-9999,-9999,21.9054,-9999,458.111,7.1663,0.0248934,-0.000384446,237.812,0.00180097,0,0.000914256,8.39199e-07,0,458.111,-300.489,4,100
20250108,203705,8.85909,4,1,1,-9999,-9999,22.0323,-9999,457.98,6.62864,0.0170145,-0.000262743,1323.87,0.00424668,0,0.00347836,9.75636e-05,455.287,457.98,-36.8289,3,40
20250108,203827,8.86003,1,1,1,-9999,-9999,22.288,-9999,450.556,12.0933,-7.9945,0.124243,1.11362,0.984543,0,0.00131199,0.00183476,518.273,450.556,-28.9213,3,100
20250108,204049,8.86168,4,1,1,-9999,-9999,22.2206,-9999,463.514,9.55106,0.408241,-0.00632673,68.715,0.0375973,0,0.00434736,1.36495e-05,0,463.514,-923.213,9,40
20250108,204211,8.86263,2,1,1,-9999,-9999,22.1208,-9999,447.647,13.6672,-7.5984,0.118208,1.07848,0.975518,0,0.00120428,0.00430009,475.137,447.647,-36.5556,4,100
20250108,204433,8.86427,4,1,1,-9999,-9999,22.015,-9999,462.447,10.0274,0.266765,-0.00413341,83.9971,0.0161317,0,0.00347191,8.93811e-06,0,462.447,-1352.78,10,40
20250108,204555,8.86522,3,1,1,-9999,-9999,22.0819,-9999,456.868,7.15485,0.0617624,-0.000954425,107.015,0.008827,0,0.00102137,1.52632e-05,394.337,456.868,0.635556,4,100
20250108,204817,8.86686,4,1,1,-9999,-9999,22.0927,-9999,457.107,6.6157,0.426655,-0.00658982,45.209,0.114077,0,0.0029791,1.44164e-05,0,457.107,33.7685,2,40
20250108,204939,8.86781,1,1,1,-9999,-9999,22.2467,-9999,449.851,11.9973,-6.89547,0.107139,1.36156,0.98334,0,0.00140869,1.07187e-07,1e+06,449.851,-33.8642,10,100
20250108,205201,8.86946,4,1,1,-9999,-9999,21.929,-9999,462.552,9.51335,0.344368,-0.00533141,79.5264,0.028676,0,0.00423984,1.15261e-05,0,462.552,-1000.26,10,40
20250108,205323,8.87041,2,1,1,-9999,-9999,22.0021,-9999,447.335,13.5748,-5.60294,0.0871213,1.63228,0.965257,0,0.00138823,0.00143856,507.897,447.335,-50,3,100
20250108,205545,8.87205,4,1,1,-9999,-9999,22.0323,-9999,462.277,9.98022,-0.58438,0.00905492,41.5333,0.13237,0,0.00376067,9.05911e-09,1e+06,462.277,601.145,8,40
20250108,205707,8.873,3,1,1,-9999,-9999,22.0949,-9999,457.882,7.13779,-1.22391,0.0189137,4.48013,0.58594,0,0.000844715,0.0118748,459.475,457.882,12.4658,4,100
20250108,205929,8.87464,4,1,1,-9999,-9999,22.028,-9999,459.063,6.60881,0.186944,-0.00288669,128.685,0.0156442,0,0.00371471,6.28821e-06,0,459.063,99.8949,2,40
20250108,210051,8.87559,1,1,1,-9999,-9999,22.2314,-9999,452.42,11.9716,-8.17041,0.126937,0.987066,0.987351,0,0.00116977,0.00230266,507.546,452.42,-24.3506,3,100
20250108,210313,8.87723,4,1,1,-9999,-9999,21.987,-9999,465.336,9.50654,126.134,-1.95319,0.407637,0.007694,0,0.00395296,0.368729,460.039,465.336,9.74181,4,40
20250108,210435,8.87818,2,1,1,-9999,-9999,22.1143,-9999,450.886,13.5187,-7.03539,0.10943,1.05089,0.976969,0,0.00108284,0.00428758,476.409,450.886,-36.25,4,100
20250108,210657,8.87983,4,1,1,-9999,-9999,22.0862,-9999,466.233,9.9736,-0.702025,0.0108795,38.7053,0.149426,0,0.00421077,1.08846e-08,1e+06,466.233,485.459,4,40
20250108,210819,8.88078,3,1,1,-9999,-9999,21.972,-9999,461.728,7.13107,-0.219422,0.00338941,27.0363,0.0874243,0,0.000916294,0.00286773,462.91,461.728,-4.61094,2,100
20250108,211041,8.88242,4,1,1,-9999,-9999,21.9076,-9999,462.209,6.60121,-0.0374608,0.000578217,556.782,0.000848159,0,0.0032194,5.78484e-10,1e+06,462.209,96.7839,2,40
20250108,211203,8.88337,1,1,1,-9999,-9999,22.2032,-9999,457.215,11.9356,-6.4431,0.100088,1.19955,0.986183,0,0.00114724,0.000476962,667.061,457.215,-18.2027,2,100
20250108,211425,8.88501,4,1,1,-9999,-9999,22.0301,-9999,467.267,9.47998,0.152603,-0.00236329,151.222,-0.00586397,0,0.00357381,5.05768e-06,0,467.267,-2331.18,10,40
20250108,211547,8.88596,2,1,1,-9999,-9999,22.1598,-9999,451.726,13.4426,-6.38472,0.099318,1.4009,0.964595,0,0.00134624,0.00307965,483.976,451.726,-46.3772,4,100
20250108,211809,8.8876,4,1,1,-9999,-9999,22.0538,-9999,466.803,9.92941,-0.279465,0.0043302,101.931,0.0247028,0,0.00441379,4.33222e-09,1e+06,466.803,1289.79,8,40
20250108,211931,8.88855,3,1,1,-9999,-9999,21.8925,-9999,461.564,7.11098,0.191508,-0.00295739,34.4084,0.10279,0,0.00101754,9.35737e-05,429.959,461.564,50,7,100
20250108,212153,8.8902,4,1,1,-9999,-9999,22.2249,-9999,461.174,6.59832,0.678693,-0.010487,32.7538,0.197005,0,0.0034347,2.27399e-05,0,461.174,-1.89871,3,40
20250108,212315,8.89115,1,1,1,-9999,-9999,22.2815,-9999,454.356,11.8635,-7.43956,0.115589,0.982729,0.9887,0,0.00105985,0.00173373,521.027,454.356,-24.5708,3,100
20250108,212537,8.89279,4,1,1,-9999,-9999,22.0689,-9999,464.674,9.48939,62.724,-0.971539,0.540865,0.025497,0,0.0039749,0.188261,459.514,464.674,3.62681,3,40
20250108,212659,8.89374,2,1,1,-9999,-9999,22.0538,-9999,450.034,13.396,-5.92941,0.0921969,1.30497,0.973713,0,0.00115805,0.00240396,488.386,450.034,-46.6124,3,100
20250108,212921,8.89538,4,1,1,-9999,-9999,22.1187,-9999,464.769,9.93663,-0.493717,0.00765213,49.7967,0.0959468,0,0.00381042,7.65569e-09,1e+06,464.769,754.747,3,40
20250108,213043,8.89633,3,1,1,-9999,-9999,21.9569,-9999,459.421,7.12474,0.0615976,-0.000951423,94.9408,0.0111938,0,0.000903282,2.07092e-06,0,459.421,220.994,2,100
20250108,213305,8.89797,4,1,1,-9999,-9999,21.9033,-9999,459.309,6.6033,-0.0267888,0.000413499,704.742,0.000529574,0,0.0029141,4.13689e-10,1e+06,459.309,92.3881,2,40
20250108,213427,8.89892,1,1,1,-9999,-9999,22.2293,-9999,453.351,11.7111,-8.10678,0.125916,1.02031,0.986515,0,0.0012051,0.00241735,505.44,453.351,-17.7749,3,100
20250108,213649,8.90057,4,1,1,-9999,-9999,22.0668,-9999,464.88,9.43066,-0.0734195,0.0011371,335.829,0.00232792,0,0.0038187,1.13763e-09,1e+06,464.88,5228.65,10,40
20250108,213811,8.90152,2,1,1,-9999,-9999,22.0086,-9999,449.678,13.2909,-7.24589,0.112638,1.10984,0.968767,0,0.00118483,0.00522357,471.241,449.678,-35.5375,5,100
20250108,214033,8.90316,4,1,1,-9999,-9999,21.9935,-9999,463.519,9.90548,49.9783,-0.774235,0.735703,0.0242831,0,0.00499393,0.150606,458.379,463.519,0.247776,3,40
20250108,214155,8.90411,3,1,1,-9999,-9999,21.929,-9999,458.494,7.10341,0.0162839,-0.000251496,349.057,0.000836729,0,0.000877865,5.48526e-07,0,458.494,104.954,3,100
20250108,214417,8.90575,4,1,1,-9999,-9999,21.8668,-9999,458.222,6.58234,-0.151878,0.00234391,144.12,0.00501118,0,0.00337803,0.0178478,458.353,458.222,14.2376,2,40
20250108,214539,8.9067,1,1,1,-9999,-9999,22.2206,-9999,452.921,11.666,-6.30256,0.0978848,1.18385,0.987646,0,0.00110589,9.79291e-08,1e+06,452.921,-22.049,10,100
20250108,214801,8.90835,4,1,1,-9999,-9999,21.9591,-9999,462.403,9.3863,54.2212,-0.839432,0.527909,0.224775,0,0.00328837,0.157869,457.085,462.403,6.05205,4,40
20250108,214923,8.90929,2,1,1,-9999,-9999,22.1576,-9999,447.686,13.2272,-5.8828,0.0914934,1.38999,0.966389,0,0.00122987,0.00291462,479.077,447.686,-46.5978,3,100
20250108,215145,8.91094,4,1,1,-9999,-9999,22.123,-9999,461.23,9.87619,0.139823,-0.00216694,167.632,-0.00660159,0,0.00363248,4.69818e-06,0,461.23,-2495.8,10,40
20250108,215307,8.91189,3,1,1,-9999,-9999,22.0215,-9999,456.067,7.08678,0.270216,-0.00417452,21.1325,0.115586,0,0.000882058,0.000253944,439.628,456.067,-50,7,100
20250108,215529,8.91353,4,1,1,-9999,-9999,22.2336,-9999,455.195,6.58433,0.0310469,-0.000479736,840.997,0.00597935,0,0.00403456,0.000117321,451.106,455.195,-33.6511,4,40
20250108,215651,8.91448,1,1,1,-9999,-9999,22.3426,-9999,449.343,11.6537,-6.75015,0.104878,1.31615,0.982266,0,0.00132963,0.000716956,595.626,449.343,-24.8781,2,100
20250108,215913,8.91612,4,1,1,-9999,-9999,22.0452,-9999,460.6,9.40363,192.592,-2.98258,0.374945,0.0547036,0,0.00370405,0.554621,455.222,460.6,16.0049,3,40
20250108,220035,8.91707,2,1,1,-9999,-9999,22.1837,-9999,445.998,13.1929,-7.14988,0.111202,1.17459,0.964007,0,0.00124552,0.00523928,467.222,445.998,-37.2533,5,100
20250108,220257,8.91872,4,1,1,-9999,-9999,22.2228,-9999,461.627,9.8805,-0.159099,0.00246656,132.966,0.0146663,0,0.00327968,2.4677e-09,1e+06,461.627,2030.03,10,40
20250108,220419,8.91966,3,1,1,-9999,-9999,22.1338,-9999,457.068,7.09804,0.0242867,-0.000375347,240.809,0.00175633,0,0.000903867,8.21205e-07,0,457.068,838.508,10,100
20250108,220641,8.92131,4,1,1,-9999,-9999,22.1641,-9999,457.358,6.59291,-0.260412,0.00402296,95.2221,0.0282047,0,0.00383072,4.0248e-09,1e+06,457.358,36.839,3,40
20250108,220803,8.92226,1,1,1,-9999,-9999,22.3666,-9999,451.218,11.6262,-6.53842,0.101594,1.1442,0.987349,0,0.00110557,0.000495288,656.339,451.218,-29.6064,2,100
20250108,221025,8.9239,4,1,1,-9999,-9999,22.056,-9999,462.827,9.38389,-0.000401512,6.21803e-06,51759.1,9.37088e-08,0,0.00321839,6.22091e-12,1e+06,462.827,860666,10,40
20250108,221147,8.92485,2,1,1,-9999,-9999,21.9892,-9999,448.324,13.1184,-7.76375,0.120662,0.954482,0.971643,0,0.00106958,0.00671695,466.288,448.324,-30.9125,5,100
20250108,221409,8.92649,4,1,1,-9999,-9999,21.972,-9999,462.49,9.86404,-0.360134,0.00557821,58.1198,0.0722774,0,0.00324198,5.58079e-09,1e+06,462.49,985.96,7,40
20250108,221531,8.92744,3,1,1,-9999,-9999,22.0819,-9999,457.198,7.08786,-0.0824971,0.00127475,71.6925,0.019467,0,0.000913886,1.27533e-09,1e+06,457.198,-291.93,6,100
20250108,221753,8.92909,4,1,1,-9999,-9999,22.1035,-9999,457.915,6.57675,0.0844698,-0.00130469,416.438,0.00151571,0,0.00543322,2.8492e-06,0,457.915,90.8183,2,40
20250108,221915,8.93003,1,1,1,-9999,-9999,22.2968,-9999,452.018,11.5792,-8.18869,0.127199,1.09382,0.982738,0,0.00131664,0.00295412,495.076,452.018,-17.6304,3,100
20250108,222137,8.93168,4,1,1,-9999,-9999,22.2184,-9999,463.191,9.37282,37.7692,-0.585233,0.62836,0.114358,0,0.00303988,0.0979047,457.214,463.191,-9.86911,3,40
20250108,222259,8.93263,2,1,1,-9999,-9999,22.0862,-9999,448.883,13.0458,-4.81099,0.074791,1.39969,0.975368,0,0.00101284,0.00147849,499.469,448.883,-45.0739,3,100
20250108,222521,8.93427,4,1,1,-9999,-9999,22.0949,-9999,462.624,9.85384,-0.156041,0.00241802,199.941,0.00653978,0,0.00483462,2.41914e-09,1e+06,462.624,2062.82,6,40
20250108,222643,8.93522,3,1,1,-9999,-9999,22.0905,-9999,458.318,7.09089,-0.664704,0.0102715,8.76818,0.497065,0,0.000899891,0.00419363,460.767,458.318,29.0479,3,100
20250108,222905,8.93686,4,1,1,-9999,-9999,22.028,-9999,459.254,6.58702,-0.328202,0.0050681,78.7656,0.0406921,0,0.00399187,5.07042e-09,1e+06,459.254,10.5979,2,40
20250108,223027,8.93781,1,1,1,-9999,-9999,22.2336,-9999,453.26,11.5868,-7.86285,0.122113,1.01175,0.986709,0,0.00115754,0.00236274,504.942,453.26,-20.5104,3,100
20250108,223249,8.93946,4,1,1,-9999,-9999,21.944,-9999,464.847,9.36089,0.406481,-0.00629242,63.3186,0.0516833,0,0.00398421,1.35365e-05,0,464.847,-799.018,10,40
20250108,223411,8.9404,2,1,1,-9999,-9999,22.0064,-9999,450.714,12.9761,-7.1748,0.111498,1.14912,0.96525,0,0.00121896,0.00579937,469.94,450.714,-28.2349,5,100
20250108,223633,8.94205,4,1,1,-9999,-9999,21.9763,-9999,465.16,9.82417,-2.60528,0.0403526,9.47698,0.745816,0,0.00382154,4.03714e-08,1e+06,465.16,142.819,3,40
20250108,223755,8.943,3,1,1,-9999,-9999,21.8797,-9999,462.687,7.07604,-3.24508,0.0501079,2.03306,0.947881,0,0.00100317,0.00263908,481.674,462.687,5.79467,2,100
20250108,224017,8.94464,4,1,1,-9999,-9999,21.7026,-9999,468.196,6.57809,-3.58175,0.055247,7.59186,0.698206,0,0.00418971,0.00970513,473.888,468.196,4.81295,3,40
20250108,224139,8.94559,1,1,1,-9999,-9999,22.1641,-9999,464.138,11.4766,-8.70938,0.135212,1.03174,0.982259,0,0.00131049,0.00384719,499.284,464.138,-20.9584,3,100
20250108,224401,8.94723,4,1,1,-9999,-9999,21.9097,-9999,481.671,9.33955,-2.65665,0.0411201,9.25026,0.754899,0,0.00380093,4.11399e-08,1e+06,481.671,135.365,6,40
20250108,224523,8.94818,2,1,1,-9999,-9999,21.8561,-9999,470.613,12.8989,-6.19949,0.0962851,1.37623,0.959219,0,0.00128049,0.00473244,490.959,470.613,-26.0665,3,100
20250108,224745,8.94983,4,1,1,-9999,-9999,21.899,-9999,486.53,9.83166,-1.80668,0.0279768,14.8814,0.543165,0,0.00416217,2.79904e-08,1e+06,486.53,116.067,9,40
20250108,224907,8.95078,3,1,1,-9999,-9999,21.8711,-9999,485.658,7.10434,-1.82733,0.0282166,3.45407,0.849715,0,0.000969489,0.00372313,493.237,485.658,10.4515,6,100
20250108,225129,8.95242,4,1,1,-9999,-9999,21.7792,-9999,488.383,6.61349,-1.79725,0.0277304,13.3578,0.258542,0,0.00370285,0.0230363,489.587,488.383,5.99327,3,40
20250108,225251,8.95337,1,1,1,-9999,-9999,22.0495,-9999,483.014,11.4695,-8.50047,0.131918,1.10537,0.978239,0,0.00138145,0.00395638,516.357,483.014,-22.7576,5,100
20250108,225513,8.95501,4,1,1,-9999,-9999,21.7005,-9999,496.594,9.33505,-0.851981,0.0131773,30.8727,0.216385,0,0.00406793,1.31839e-08,1e+06,496.594,391.049,10,40
20250108,225635,8.95596,2,1,1,-9999,-9999,21.7665,-9999,483.607,12.8068,-10.2392,0.158964,0.846209,0.961956,0,0.00122166,0.0121146,496.729,483.607,-12.8132,6,100
20250108,225857,8.9576,4,1,1,-9999,-9999,21.8647,-9999,498.645,9.81034,-0.836029,0.0129445,26.0835,0.278952,0,0.00337607,1.2951e-08,1e+06,498.645,351.401,3,40
20250108,230019,8.95855,3,1,1,-9999,-9999,21.7494,-9999,495.192,7.12079,-1.1271,0.0173968,5.16267,0.645031,0,0.000896026,0.00555346,498.325,495.192,-0.328692,4,100
20250108,230241,8.9602,4,1,1,-9999,-9999,21.914,-9999,496.722,6.64269,-1.17049,0.0180677,19.0839,0.023159,0,0.00344743,0.0269101,497.394,496.722,-24.0836,4,40
20250108,230403,8.96115,1,1,1,-9999,-9999,22.0625,-9999,491.296,11.4423,-8.71492,0.135248,0.918844,0.985702,0,0.00114688,0.00409858,524.295,491.296,-18.9336,5,100
20250108,230625,8.96279,4,1,1,-9999,-9999,21.7409,-9999,503.833,9.32347,-0.373259,0.00577402,70.4147,0.0504012,0,0.00406571,5.77693e-09,1e+06,503.833,843.606,3,40
20250108,230747,8.96374,2,1,1,-9999,-9999,21.8219,-9999,491.009,12.7346,-4.97607,0.0772636,1.72197,0.948901,0,0.00130202,0.00282004,518.407,491.009,-47.6176,3,100
20250108,231009,8.96538,4,1,1,-9999,-9999,21.9677,-9999,504.871,9.81406,-0.584783,0.0090574,47.3299,0.105131,0,0.00428674,9.06198e-09,1e+06,504.871,478.614,6,40
20250108,231131,8.96633,3,1,1,-9999,-9999,21.8647,-9999,501.213,7.15011,-0.830252,0.0128204,7.27825,0.372618,0,0.000931996,0.00837287,502.744,501.213,-3.85772,3,100
20250108,231353,8.96797,4,1,1,-9999,-9999,21.6559,-9999,502.556,6.66684,0.160827,-0.0024805,182.746,0.00781851,0,0.00453302,4.93577e-06,0,502.556,88.225,4,40
20250108,231515,8.96892,1,1,1,-9999,-9999,22.0215,-9999,497.037,11.4137,-7.16907,0.111239,1.13364,0.983863,0,0.00119804,0.00197382,553.394,497.037,-23.1994,3,100
20250108,231737,8.97057,4,1,1,-9999,-9999,21.5353,-9999,508.051,9.3209,-0.441123,0.00681881,58.3632,0.0717189,0,0.0039796,6.82227e-09,1e+06,508.051,736.707,4,40
20250108,231859,8.97152,2,1,1,-9999,-9999,21.6368,-9999,494.73,12.6779,-3.8029,0.0590059,6.26809,0.58227,0,0.00369263,0.000294869,694.839,494.73,-50,4,100
20250108,232121,8.97316,4,1,1,-9999,-9999,21.6453,-9999,508.28,9.78993,101.217,-1.566,0.424961,0.00494975,0,0.00367639,0.357581,503.901,508.28,10.075,3,40
20250108,232243,8.97411,3,1,1,-9999,-9999,21.4426,-9999,504.309,7.14586,-0.663021,0.0102234,9.08485,0.27394,0,0.00092807,0.00823192,505.551,504.309,-4.82183,2,100
20250108,232505,8.97575,4,1,1,-9999,-9999,21.4826,-9999,505.178,6.67318,-1.0773,0.0166058,21.3203,0.0994151,0,0.00353991,0.034957,505.654,505.178,14.6983,3,40
20250108,232627,8.9767,1,1,1,-9999,-9999,21.9183,-9999,500.14,11.3165,-7.99375,0.12398,0.85961,0.989884,0,0.000971186,0.00313144,539.732,500.14,-15.255,3,100
20250108,232849,8.97834,4,1,1,-9999,-9999,21.6835,-9999,511.251,9.2905,-0.705675,0.0109138,38.102,0.153463,0,0.00415821,1.09194e-08,1e+06,511.251,497.055,5,40
20250108,233011,8.97929,2,1,1,-9999,-9999,21.6262,-9999,498.224,12.5736,-6.33849,0.0983349,1.23013,0.957093,0,0.00115838,0.00596315,514.715,498.224,-31.503,5,100
20250108,233233,8.98094,4,1,1,-9999,-9999,21.6389,-9999,511.3,9.76834,-0.493049,0.00762792,41.9015,0.130356,0,0.0031961,7.63182e-09,1e+06,511.3,597.378,7,40
20250108,233355,8.98189,3,1,1,-9999,-9999,21.5564,-9999,507.767,7.15953,-0.383097,0.00590951,17.264,0.209958,0,0.00102,0.0129468,508.224,507.767,50,3,100
20250108,233617,8.98353,4,1,1,-9999,-9999,21.6495,-9999,507.866,6.69319,0.208503,-0.00321579,119.729,0.0180267,0,0.00385021,6.33196e-06,0,507.866,163.686,4,40
20250108,233739,8.98448,1,1,1,-9999,-9999,21.9419,-9999,502.736,11.274,-7.64114,0.118515,1.03009,0.984955,0,0.00114647,0.00289662,543.651,502.736,-18.7066,4,100
20250108,234001,8.98612,4,1,1,-9999,-9999,21.6983,-9999,513.874,9.29808,-0.251457,0.00388913,93.4981,0.0292237,0,0.00363624,3.89113e-09,1e+06,513.874,1359.19,6,40
20250108,234123,8.98707,2,1,1,-9999,-9999,21.6008,-9999,500.452,12.4893,-5.86872,0.0910308,1.40146,0.948206,0,0.0012343,0.00505943,518.445,500.452,-40.7914,5,100
20250108,234345,8.98872,4,1,1,-9999,-9999,21.7409,-9999,514.182,9.74783,-0.590034,0.00913116,52.7083,0.0865309,0,0.00481277,9.13586e-09,1e+06,514.182,567.49,5,40
20250108,234507,8.98966,3,1,1,-9999,-9999,21.7686,-9999,509.772,7.16334,-0.255442,0.00394319,22.9212,0.131992,0,0.000903718,0.00202388,511.72,509.772,9.1263,2,100
20250108,234729,8.99131,4,1,1,-9999,-9999,21.6983,-9999,510.019,6.69747,0.421365,-0.00649993,65.6148,0.0576105,0,0.00426486,1.27445e-05,0,510.019,65.2763,6,40
20250108,234851,8.99226,1,1,1,-9999,-9999,21.929,-9999,505.114,11.2341,-6.2172,0.0964215,1.1655,0.986659,0,0.00107072,0.000596077,666.874,505.114,-23.9117,2,100
20250108,235113,8.9939,4,1,1,-9999,-9999,21.6898,-9999,515.816,9.29425,-0.676105,0.0104567,26.5863,0.271335,0,0.0027798,1.04621e-08,1e+06,515.816,535.258,7,40
20250108,235235,8.99485,2,1,1,-9999,-9999,21.6856,-9999,503.026,12.3594,-4.78649,0.0742562,1.60369,0.95546,0,0.00116142,0.0029726,528.007,503.026,-42.6707,3,100
20250108,235457,8.99649,4,1,1,-9999,-9999,21.709,-9999,515.602,9.7081,0.130947,-0.00202617,216.546,0.00165383,0,0.00438757,3.92971e-06,0,515.602,-2183.5,7,40
20250108,235619,8.99744,3,1,1,-9999,-9999,21.6368,-9999,510.794,7.14545,1.72766,-0.0266575,3.64941,0.885507,0,0.00096825,5.21885e-05,0,510.794,11.4336,2,100
20250108,235841,8.99909,4,1,1,-9999,-9999,21.709,-9999,507.193,6.67547,1.73674,-0.0267907,14.5886,0.553,0,0.00390722,5.28214e-05,0,507.193,9.7329,1,40
